{
    "servers" : [
        {
            "type" : "high_finesse_ws7",
            "config" : "wm",
            "auto_launch" : "False"
        },
        {
            "type" : "nidaqmx",
            "config" : "daq_b16_laserao"
        },
        {
            "type": "toptica_dlc_pro",
            "config": "g12_topticas"
        }
    ],
    "script" : "C:\\Users\\b16lu\\pylabnet\\pylabnet\\scripts\\lasers\\wlm_monitor_b16.py",
    "lab_name" : "B16",
    "device_id" : "B16_lock",
    "script_service" : "True",
    "num_lasers": 2,
    "channels" : {
        "1" : {
            "channel" : 2,
            "name" : "Old TiSa",
            "ao" : {
                "client" : "nidaqmx",
                "config" : "daq_b16_laserao",
                "channel" : "ao1"
            },
            "pid" : {
                "p" : 0.04,
                "i" : 0.002,
                "d" : 0
            },
            "memory" : 100,
            "voltage_monitor" : "True",
            "min_voltage" : -10,
            "max_voltage" : 10,
            "gain" : 2000
        },
        "2" : {
            "channel": 6,
            "name": "Toptica 1",
            "ao": {
                "client": "toptica_dlc_pro",
                "channel": "1",
                "config": "g12_topticas"
            },
            "pid": {
                "p": -0.5,
                "i": 0.01,
                "d": 0
            },
            "memory": 100,
            "voltage_monitor": "True",
            "min_voltage": -1,
            "max_voltage": 140,
            "gain": 2000
        }
    }
}