{
    "servers" : [
        {
            "type" : "zi_hdawg",
            "config" : "b16_hdawg"
        },
        {
            "type" : "si_tt",
            "config" : "standard_ctr"
        },
        {
            "type" : "dio_breakout",
            "config" :"dio_breakout"
        },
        {
            "type" : "agilent_83732b",
            "config" :"mw"
        },
        {
            "type": "nidaqmx",
            "config": "laser_ctr+ai"
        }
    ],
    "sweep_type" : "sawtooth",
    "script" : "C:\\Users\\b16lu\\pylabnet\\pylabnet\\scripts\\sweeper\\scan_1d.py",
    "lab_name" : "B16",
    "script_service" : "True",
    "exp_path" : "C:\\Users\\b16lu\\Dropbox (Lukin SiV)\\SiV Quick Sharing\\B16 python experiments\\scan_1d\\sawtooth\\scripts",
    "save_path": "C:\\Users\\b16lu\\Dropbox (Lukin SiV)\\SiV Quick Sharing\\B16 python experiments\\scan_1d\\sawtooth\\data"
  }
