{
    "servers" : [
        {
            "type" : "nidaqmx",
            "config" : "laser_ctr+ai"
        },
        {
            "type" : "wlm_monitor_b16",
            "config" : "b16_velocity_nTiSa_wlm",
            "script": "True"
        },
        {
            "type" : "si_tt",
            "config" : "standard_ctr"
        }
    ],
    "script" : "C:\\Users\\b16lu\\pylabnet\\pylabnet\\scripts\\sweeper\\scan_1d.py",
    "lab_name" : "B16",
    "script_service" : "True",
    "exp_path" : "C:\\Users\\b16lu\\Dropbox (Lukin SiV)\\SiV Quick Sharing\\B16 python experiments\\scan_1d\\triangle\\scripts",
    "save_path": "C:\\Users\\b16lu\\Dropbox (Lukin SiV)\\SiV Quick Sharing\\B16 python experiments\\scan_1d\\triangle\\data"
  }
