{
    "servers" : [
        {
            "type" : "nidaqmx",
            "config" : "fiber",
            "name" : "power_sensor"
        }
    ],
    "script" : "C:\\Users\\b16lu\\pylabnet\\pylabnet\\scripts\\fiber_coupling\\power_monitor.py",
    "lab_name" : "B16",
    "input" : {
        "channel" : "ai2",
        "m" : 410.65,
        "b" : -2.59444,
        "z" : 0
    },
    "reflection" : {
        "channel" : "ai3",
        "m" : 0.0458165,
        "b" : 0,
        "z" : 0
    },
    "calibration" : 3.4171e-5,
    "name" : "Photodiode"
}