{
    "servers" : [
        {
            "type" : "nidaqmx",
            "config" : "b16_ao"
        }
    ],
    "script" : "C:\\Users\\b16lu\\pylabnet\\pylabnet\\scripts\\staticlines\\staticline.py",
    "lab_name" : "B16",
    "lines": {
        "Laser AO + Shutters":
        {
            "hardware_type": "nidaqmx",
            "config_name": "b16_ao",
            "staticline_names": [
                "BF 520 Voltage",
                "AOM 1 (Lock) Lo Voltage",
                "AOM 1 (Lock) Hi Voltage",
                "AOM 2 (EOM-Qubit) Voltage",
                "SNSPD 1 Bias",
                "SNSPD 2 Bias",
                "Velocity shutter",
                "TiSa shutter",
                "SuperK shutter",
                "APD shutter",
                "AOM 1 (Lock) TTL",
                "AOM 1 (Lock) H/L",
                "TDI PID Hold"
            ],
            "staticline_configs": [
                {"type":"analog", "ao_output":"ao2", "default":1.37},
                {"type":"analog", "ao_output":"ao6", "default":2.5},
                {"type":"analog", "ao_output":"ao1", "default":5},
                {"type":"analog", "ao_output":"ao0", "default":2.5},
                {"type":"analog", "ao_output":"ao10", "default":1},
                {"type":"analog", "ao_output":"ao11", "default":1},
                {"type":"adjustable_digital", "ao_output":"ao4", "default":3.5},
                {"type":"adjustable_digital", "ao_output":"ao3", "default":3.5},
                {"type":"adjustable_digital", "ao_output":"ao5", "default":3.5},
                {"type":"adjustable_digital", "ao_output":"ao9", "default":3.5},
                {"type":"adjustable_digital", "ao_output":"ao12", "default":3.5},
                {"type":"adjustable_digital", "ao_output":"ao7", "default":3.5},
                {"type":"adjustable_digital", "ao_output":"ao13", "default":3.5}
            ]
        }
    }

}