{
    "servers" : [
        {
            "type" : "zi_hdawg",
            "config" : "b16_hdawg"
        },
        {
            "type" : "dio_breakout",
            "config" :"dio_breakout"
        },
        {
            "type" : "agilent_83732b",
            "config" :"mw"
        }
    ],
    "script" : "C:\\Users\\b16lu\\pylabnet\\pylabnet\\scripts\\staticlines\\staticline.py",
    "lab_name" : "B16",
    "lines": {
        "The DAWG I/O":
        {
            "hardware_type": "zi_hdawg",
            "config_name": "b16_hdawg",
            "staticline_names": ["TT G8",
                                 "Green AOM",
                                 "HiPo Switch",
                                 "IQ Atten",
                                 "Lock TiSa AOM H/L <unused>",
                                 "Lock TiSa AOM I/O <unused>",
                                 "Readout TiSa AOM H/L",
                                 "Readout TiSa AOM I/O"],
            "staticline_configs": [
                {"type":"digital", "bit_name":"tt_gate"},
                {"type":"digital", "bit_name":"green"},
                {"type":"digital", "bit_name":"hipo_switch"},
                {"type":"digital", "bit_name":"iq_mixer_attenuator"},
                {"type":"digital", "bit_name":"nTiSa_hl"},
                {"type":"digital", "bit_name":"nTiSa_io"},
                {"type":"digital", "bit_name":"oTiSa_hl"},
                {"type":"digital", "bit_name":"oTiSa_io"}
            ]
        },
        "The DAWG HL values": {
            "hardware_type": "dio_breakout",
            "config_name": "dio_breakout",
            "staticline_names": [
                "TT G8 Lo", "TT G8 Hi",
                "Green AOM Lo", "Green AOM Hi",
                "HiPo Switch Lo", "HiPo Switch Hi",
                "Atten Lo", "Atten Hi",
                "Lock TiSa AOM H/L Lo <unused>", "Lock TiSa AOM H/L Hi <unused>",
                "Lock TiSa AOM I/O Lo <unused>", "Lock TiSa AOM I/O Hi <unused>",
                "Readout TiSa AOM H/L Lo", "Readout TiSa AOM H/L Hi",
                "Readout TiSa AOM I/O Lo", "Readout TiSa AOM I/O  Hi"
            ],
            "staticline_configs": [
                {"type":"analog", "bit_name":"tt_gate", "is_high_volt":0, "default":0},
                {"type":"analog", "bit_name":"tt_gate", "is_high_volt":1, "default":5},
                {"type":"analog", "bit_name":"green", "is_high_volt":0, "default":0},
                {"type":"analog", "bit_name":"green", "is_high_volt":1, "default":5},
                {"type":"analog", "bit_name":"hipo_switch", "is_high_volt":0, "default":0},
                {"type":"analog", "bit_name":"hipo_switch", "is_high_volt":1, "default":5},
                {"type":"analog", "bit_name":"iq_mixer_attenuator", "is_high_volt":0, "default":0},
                {"type":"analog", "bit_name":"iq_mixer_attenuator", "is_high_volt":1, "default":5},
                {"type":"analog", "bit_name":"nTiSa_hl", "is_high_volt":0, "default":0},
                {"type":"analog", "bit_name":"nTiSa_hl", "is_high_volt":1, "default":5},
                {"type":"analog", "bit_name":"nTiSa_io", "is_high_volt":0, "default":0},
                {"type":"analog", "bit_name":"nTiSa_io", "is_high_volt":1, "default":5},
                {"type":"analog", "bit_name":"oTiSa_hl", "is_high_volt":0, "default":2.5},
                {"type":"analog", "bit_name":"oTiSa_hl", "is_high_volt":1, "default":3.5},
                {"type":"analog", "bit_name":"oTiSa_io", "is_high_volt":0, "default":0},
                {"type":"analog", "bit_name":"oTiSa_io", "is_high_volt":1, "default":5}
            ]
        },
        "MW": {
            "hardware_type":"agilent_83732b",
            "config_name": "mw",
            "staticline_names": ["On/Off", "Powah", "Frequenceigh"],
            "staticline_configs": [
                {"type":"digital", "setting":"IO"},
                {"type":"analog", "setting":"power", "default":14},
                {"type":"analog", "setting":"frequency", "default":10.9e9}
            ]
        }
    }
}