{
    "servers" : [
        {
            "type" : "CLD101x",
            "config" : "imaging_laser"
        }
    ],
    "script" : "C:\\Users\\b16lu\\pylabnet\\pylabnet\\scripts\\staticlines\\staticline.py",
    "lab_name" : "B16",
    "lines": {
        "LASER": {
            "hardware_type": "CLD101x",
            "config_name": "imaging_laser",
            "staticline_names": ["I/O", "Current Setpoint (mA)"],
            "staticline_configs": [
                {"type":"digital"},
                {"type":"analog", "default":0}
            ]
        }
    }
}