{
    "script" : "C:\\Users\\b16lu\\pylabnet\\pylabnet\\scripts\\pulsemaster\\pulsemaster.py",
    "DIO_dict": "dio_assignment_global",
    "HDAWG_dev_id": "dev8354",
    "pulse_types": [
      {
        "name": "DIO Pulse",
        "description": "Digital pulse output on the 32 bit DIO output of the HDAWG.",
        "pulseblock_type": "PTrue",
        "fields": [
          {
            "label": "t0 (us)",
            "input_type": "QLineEdit",
            "validator": "TODO",
            "var": "offset"
          },
          {
            "label": "Duration (us)",
            "input_type": "QLineEdit",
            "validator": "TODO",
            "var": "dur"
          },
          {
            "label": "Timing Reference",
            "input_type": "QComboBox",
            "combo_choice": ["Absolute", "After Last Pulse", "With Last Pulse"],
            "validator": "TODO",
            "var": "tref"
          }
        ]
      },
      {
        "name": "Analog Sine",
        "description": "Analog Sine played back by the HDAWG",
        "pulseblock_type": "PSin",
        "fields": [
          {
            "label": "t0 (us)",
            "input_type": "QLineEdit",
            "var": "offset",
            "validators": "TODO"
          },
          {
            "label": "Duration (us)",
            "input_type": "QLineEdit",
            "validator": "TODO",
            "var": "dur"
          },
          {
            "label": "Amplitude",
            "input_type": "QLineEdit",
            "validator": "TODO",
            "var": "amp"
          },
          {
            "label": "Frequency",
            "input_type": "QLineEdit",
            "validator": "TODO",
            "var": "freq"
          },
          {
            "label": "Phase",
            "input_type": "QLineEdit",
            "validator": "TODO",
            "var": "ph"
          },
          {
            "label": "Analog Timing Reference",
            "input_type": "QComboBox",
            "combo_choice": ["Absolute", "After Last Pulse", "With Last Pulse"],
            "validator": "TODO",
            "var": "tref"
          }
        ]
      }
    ]
  }
