{
    "script" : "C:\\Users\\b16lu\\pylabnet\\pylabnet\\scripts\\pulsemaster\\pulsemaster.py",
    "ch_dict": "ch_assignment_global",
    "HDAWG_dev_id": "dev8354",
    "pulse_types": [
      {
        "name": "DIO Pulse",
        "description": "Digital pulse output on the 32 bit DIO output of the HDAWG.",
        "pulseblock_type": "PTrue",
        "is_analog": "False",
        "fields": [
          {
            "label": "t0 (us)",
            "input_type": "QLineEdit",
            "validator": "TODO",
            "var": "offset"
          },
          {
            "label": "Duration (us)",
            "input_type": "QLineEdit",
            "validator": "TODO",
            "var": "dur"
          },
          {
            "label": "Timing Reference",
            "input_type": "QComboBox",
            "combo_choice": ["Absolute", "After Last Pulse", "With Last Pulse"],
            "validator": "TODO",
            "var": "tref"
          }
        ]
      }
  ]
}
