{
    "servers": [
      {
        "type": "nidaqmx",
        "config": "laser_ctr+ai",
        "name" : "input"
      },
      {
        "type": "nidaqmx",
        "config": "b16_ao",
        "name" : "output"
      },
      {
        "type": "zi_hdawg",
        "config": "b16_hdawg"
      }
    ],
    "script": "C:\\Users\\b16lu\\pylabnet\\pylabnet\\scripts\\lasers\\laser_stabilizer.py",
    "lab_name" : "B16",
    "power_input_channel": "ai4",
    "ctrl_output_channel": "ao0",
    "hardware_ctrl_input_channel": "ai5",
    "pid": {
      "p": -4,
      "i": 0,
      "d": 0
    },
    "memory": 25,
    "min_output_voltage": 0,
    "max_output_voltage": 10,
    "gain": 10,
    "max_input_voltage": 5,
    "hardware_ctrl_thresh": -10,
    "reads_per_cycle": 1,
    "check_aom": "True",
    "aom_staticline": "velocity"
  }