{
    "servers": [
        {
            "type": "si_tt",
            "config": "standard_ctr"
        }
    ],
    "script": "C:\\Users\\b16lu\\pylabnet\\pylabnet\\scripts\\counter\\monitor_counts.py",
    "lab_name" : "B16",
    "channels": [
        5, 8
    ],
    "plot_1": [
        5
    ],
    "plot_2": [
        8
    ],
    "combined_channel": "True",
    "params": {
        "bin_width": 2e10,
        "n_bins": 1e3,
        "ch_list": [
            5, 8
        ],
        "plot_list": [
            [
                5
            ],
            [
                8
            ]
        ]
    }
}