{
    "servers": [
        {
            "type": "si_tt",
            "config": "standard_ctr"
        }
    ],
    "script": "C:\\Users\\b16lu\\pylabnet\\pylabnet\\scripts\\counter\\monitor_counts.py",
    "lab_name" : "B16",
    "channels": [
        1, 6
    ],
    "plot_1": [
        1
    ],
    "plot_2": [
        6
    ],
    "combined_channel": "False",
    "params": {
        "bin_width": 2e10,
        "n_bins": 1e3,
        "ch_list": [
            1, 6
        ],
        "plot_list": [
            [
                1
            ],
            [
                6
            ]
        ]
    }
}