{
    "servers": [
        {
            "type": "zi_hdawg",
            "config": "b16_hdawg"
        },
        {
            "type": "si_tt",
            "config": "standard_ctr"
        },
        {
            "type" : "high_finesse_ws7",
            "config" : "wm",
            "auto_launch" : "False"
        },
        {
            "type" : "dio_breakout",
            "config" :"dio_breakout"
        },
        {
            "type" : "wlm_monitor_b16",
            "config" : "b16_o_nTiSa_wlm",
            "script" : "True"
        },
        {
            "type" : "nidaqmx",
            "config" : "b16_ao"
        }
    ],
    "script": "C:\\Users\\b16lu\\pylabnet\\pylabnet\\scripts\\data_center\\take_data.py",
    "exp_path" : "C:\\Users\\b16lu\\Dropbox (Lukin SiV)\\SiV Quick Sharing\\B16 python experiments\\datataker\\siv29scripts",
    "save_path": "C:\\Users\\b16lu\\Dropbox (Lukin SiV)\\SiV Quick Sharing\\B16 python experiments\\datataker\\data",
    "lab_name" : "B16",
    "presel_params": {
        "old_threshold": 0.7,
        "threshold": 0.06,
        "less_than": "False",
        "avg_values": 100
    },
    "presel_data_length": 10000,
    "integration": 1e-3,
    "max_runs": 1e9,
    "bins_per_ghz": 30,
    "min_bins": 30,
    "tera_scan_port": "port1",
    "tera_scan_line": "line5",
    "open_loop_channel": 2
}